-- start user


insert into User (id, username, password, fullname, phone, email, avatar, birthday, sex, status, create_time, mod_time) values (1, 'fdowyer0', '6MW4uaemvPl', 'Farlay Dowyer', '6503251993', 'fdowyer0@independent.co.uk', 'https://robohash.org/autemcumquevel.png?size=50x50&set=set1', '2001/12/29', true, 0, '2020/01/25', '2021/09/05');
insert into User (id, username, password, fullname, phone, email, avatar, birthday, sex, status, create_time, mod_time) values (2, 'cmaccaghan1', 'IbY885', 'Corrie MacCaghan', '1222408201', 'cmaccaghan1@prnewswire.com', 'https://robohash.org/rerumautvelit.png?size=50x50&set=set1', '2001/05/22', false, 0, '2020/01/18', '2021/05/01');
insert into User (id, username, password, fullname, phone, email, avatar, birthday, sex, status, create_time, mod_time) values (3, 'lbrussels2', 'BNVnNHvlAg8', 'Lorettalorna Brussels', '6309368530', 'lbrussels2@barnesandnoble.com', 'https://robohash.org/delectusquisquammolestias.png?size=50x50&set=set1', '2003/07/15', true, 1, '2020/04/24', '2021/06/22');
insert into User (id, username, password, fullname, phone, email, avatar, birthday, sex, status, create_time, mod_time) values (4, 'lminigo3', 'zY4JvT8y', 'Lev Minigo', '8043168512', 'lminigo3@upenn.edu', 'https://robohash.org/quiaplaceatcupiditate.png?size=50x50&set=set1', '2004/11/27', true, 0, '2019/11/19', '2021/01/08');
insert into User (id, username, password, fullname, phone, email, avatar, birthday, sex, status, create_time, mod_time) values (5, 'zopy4', 'lhR4tR', 'Zebulon Opy', '1775843544', 'zopy4@boston.com', 'https://robohash.org/debitismollitiadeleniti.png?size=50x50&set=set1', '2004/11/14', true, 0, '2020/06/18', '2021/08/02');
insert into User (id, username, password, fullname, phone, email, avatar, birthday, sex, status, create_time, mod_time) values (6, 'tberriball5', 'XciiYhh', 'Terry Berriball', '5173184575', 'tberriball5@hc360.com', 'https://robohash.org/adquideleniti.png?size=50x50&set=set1', '2005/05/10', true, 1, '2019/12/07', '2021/07/30');
insert into User (id, username, password, fullname, phone, email, avatar, birthday, sex, status, create_time, mod_time) values (7, 'vaddey6', '86nuRWEvGFE3', 'Verine Addey', '1485406445', 'vaddey6@pinterest.com', 'https://robohash.org/voluptateaquia.png?size=50x50&set=set1', '2002/11/19', false, 1, '2020/04/30', '2021/02/18');
insert into User (id, username, password, fullname, phone, email, avatar, birthday, sex, status, create_time, mod_time) values (8, 'mbreede7', '0PbrpGx', 'Mindy Breede', '1678838215', 'mbreede7@plala.or.jp', 'https://robohash.org/dolorumundeplaceat.png?size=50x50&set=set1', '2003/11/20', false, 0, '2020/08/11', '2021/08/29');
insert into User (id, username, password, fullname, phone, email, avatar, birthday, sex, status, create_time, mod_time) values (9, 'daksell8', 'gZEjNK7S', 'Dolores Aksell', '5924358453', 'daksell8@scientificamerican.com', 'https://robohash.org/cupiditatevelitratione.png?size=50x50&set=set1', '2003/05/19', true, 1, '2020/02/21', '2021/09/22');
insert into User (id, username, password, fullname, phone, email, avatar, birthday, sex, status, create_time, mod_time) values (10, 'rwoodham9', 'SQbRWHvlMtXc', 'Roz Woodham', '2494226594', 'rwoodham9@purevolume.com', 'https://robohash.org/minimalaboriosamsoluta.png?size=50x50&set=set1', '2005/04/12', false, 1, '2020/04/25', '2021/08/14');


-- end user



-- start role

insert into Role (id, name) values(1, "ADMIN");
insert into Role (id, name) values(2, "CLIENT");

-- end role



-- start user_role


insert into user_role (user_id, role_id) values (1, 1);
insert into user_role (user_id, role_id) values (2, 2);
insert into user_role (user_id, role_id) values (3, 1);
insert into user_role (user_id, role_id) values (4, 1);
insert into user_role (user_id, role_id) values (5, 1);
insert into user_role (user_id, role_id) values (6, 2);
insert into user_role (user_id, role_id) values (7, 2);
insert into user_role (user_id, role_id) values (8, 2);
insert into user_role (user_id, role_id) values (9, 2);
insert into user_role (user_id, role_id) values (10, 1);


-- end user_role





-- start category


insert into category (id, name, image, description, slug, meta_title, meta_keyword, meta_description, status, create_time, mod_time) values (1, 'Drywall & Acoustical (MOB)', 'http://dummyimage.com/227x100.png/ff4444/ffffff', 'Cras non velit nec nisi vulputate nonummy. Maecenas tincidunt lacus at velit. Vivamus vel nulla eget eros elementum pellentesque.', 'category-1', 'dui nec nisi volutpat eleifend donec ut dolor morbi', 'id luctus nec molestie sed justo pellentesque viverra pede ac diam cras pellentesque volutpat dui maecenas tristique est et', 'In hac habitasse platea dictumst. Etiam faucibus cursus urna. Ut tellus.', 0, '2021/09/12', '2022/08/03');
insert into category (id, name, image, description, slug, meta_title, meta_keyword, meta_description, status, create_time, mod_time) values (2, 'Wall Protection', 'http://dummyimage.com/211x100.png/cc0000/ffffff', 'Curabitur at ipsum ac tellus semper interdum. Mauris ullamcorper purus sit amet nulla. Quisque arcu libero, rutrum ac, lobortis vel, dapibus at, diam.', 'category-2', 'consequat varius integer ac leo pellentesque ultrices mattis odio donec', 'in quam fringilla rhoncus mauris enim leo rhoncus sed vestibulum sit amet', 'In quis justo. Maecenas rhoncus aliquam lacus. Morbi quis tortor id nulla ultrices aliquet.', 0, '2021/05/23', '2021/12/06');
insert into category (id, name, image, description, slug, meta_title, meta_keyword, meta_description, status, create_time, mod_time) values (3, 'Curb & Gutter', 'http://dummyimage.com/157x100.png/cc0000/ffffff', 'Morbi non lectus. Aliquam sit amet diam in magna bibendum imperdiet. Nullam orci pede, venenatis non, sodales sed, tincidunt eu, felis.', 'category-3', 'erat fermentum justo nec condimentum neque sapien placerat ante', 'a pede posuere nonummy integer non velit donec diam neque vestibulum eget vulputate ut ultrices vel augue vestibulum ante ipsum', 'Morbi non lectus. Aliquam sit amet diam in magna bibendum imperdiet. Nullam orci pede, venenatis non, sodales sed, tincidunt eu, felis.', 1, '2020/10/31', '2022/04/21');
insert into category (id, name, image, description, slug, meta_title, meta_keyword, meta_description, status, create_time, mod_time) values (4, 'Ornamental Railings', 'http://dummyimage.com/194x100.png/cc0000/ffffff', 'Phasellus in felis. Donec semper sapien a libero. Nam dui.', 'category-4', 'tortor id nulla ultrices aliquet maecenas leo', 'fermentum donec ut mauris eget massa tempor convallis nulla neque libero convallis eget eleifend luctus ultricies eu nibh quisque', 'Quisque id justo sit amet sapien dignissim vestibulum. Vestibulum ante ipsum primis in faucibus orci luctus et ultrices posuere cubilia Curae; Nulla dapibus dolor vel est. Donec odio justo, sollicitudin ut, suscipit a, feugiat et, eros.', 1, '2021/05/11', '2022/04/11');
insert into category (id, name, image, description, slug, meta_title, meta_keyword, meta_description, status, create_time, mod_time) values (5, 'Fire Sprinkler System', 'http://dummyimage.com/200x100.png/5fa2dd/ffffff', 'In congue. Etiam justo. Etiam pretium iaculis justo.', 'category-5', 'ac nulla sed vel enim sit', 'in lacus curabitur at ipsum ac tellus semper interdum mauris ullamcorper purus sit amet nulla', 'Praesent blandit. Nam nulla. Integer pede justo, lacinia eget, tincidunt eget, tempus vel, pede.', 0, '2020/10/30', '2022/01/25');
insert into category (id, name, image, description, slug, meta_title, meta_keyword, meta_description, status, create_time, mod_time) values (6, 'Doors, Frames & Hardware', 'http://dummyimage.com/135x100.png/cc0000/ffffff', 'In hac habitasse platea dictumst. Etiam faucibus cursus urna. Ut tellus.', 'category-6', 'enim blandit mi in porttitor pede', 'cras in purus eu magna vulputate luctus cum sociis natoque penatibus et magnis', 'Nam ultrices, libero non mattis pulvinar, nulla pede ullamcorper augue, a suscipit nulla elit ac nulla. Sed vel enim sit amet nunc viverra dapibus. Nulla suscipit ligula in lacus.', 0, '2020/11/03', '2022/06/25');
insert into category (id, name, image, description, slug, meta_title, meta_keyword, meta_description, status, create_time, mod_time) values (7, 'Doors, Frames & Hardware', 'http://dummyimage.com/136x100.png/5fa2dd/ffffff', 'In hac habitasse platea dictumst. Morbi vestibulum, velit id pretium iaculis, diam erat fermentum justo, nec condimentum neque sapien placerat ante. Nulla justo.', 'category-7', 'in libero ut massa volutpat', 'non interdum in ante vestibulum ante ipsum primis in faucibus orci luctus et ultrices posuere cubilia curae', 'Nullam porttitor lacus at turpis. Donec posuere metus vitae ipsum. Aliquam non mauris.', 0, '2020/11/06', '2022/03/20');
insert into category (id, name, image, description, slug, meta_title, meta_keyword, meta_description, status, create_time, mod_time) values (8, 'Fire Protection', 'http://dummyimage.com/218x100.png/cc0000/ffffff', 'Nullam sit amet turpis elementum ligula vehicula consequat. Morbi a ipsum. Integer a nibh.', 'category-8', 'leo rhoncus sed vestibulum sit', 'erat fermentum justo nec condimentum neque sapien placerat ante nulla justo aliquam quis turpis eget elit sodales scelerisque', 'Nullam porttitor lacus at turpis. Donec posuere metus vitae ipsum. Aliquam non mauris.', 0, '2021/07/13', '2022/05/14');
insert into category (id, name, image, description, slug, meta_title, meta_keyword, meta_description, status, create_time, mod_time) values (9, 'Marlite Panels (FED)', 'http://dummyimage.com/132x100.png/cc0000/ffffff', 'Aenean fermentum. Donec ut mauris eget massa tempor convallis. Nulla neque libero, convallis eget, eleifend luctus, ultricies eu, nibh.', 'category-9', 'nulla neque libero convallis eget', 'vestibulum ante ipsum primis in faucibus orci luctus et ultrices posuere cubilia curae mauris viverra diam', 'Cras non velit nec nisi vulputate nonummy. Maecenas tincidunt lacus at velit. Vivamus vel nulla eget eros elementum pellentesque.', 1, '2021/05/21', '2021/10/27');
insert into category (id, name, image, description, slug, meta_title, meta_keyword, meta_description, status, create_time, mod_time) values (10, 'Roofing (Metal)', 'http://dummyimage.com/229x100.png/cc0000/ffffff', 'Maecenas ut massa quis augue luctus tincidunt. Nulla mollis molestie lorem. Quisque ut erat.', 'category-10', 'donec quis orci eget orci vehicula condimentum curabitur', 'vel ipsum praesent blandit lacinia erat vestibulum sed magna at nunc commodo placerat praesent', 'Integer ac leo. Pellentesque ultrices mattis odio. Donec vitae nisi.', 0, '2021/01/30', '2022/06/17');
insert into category (id, name, image, description, slug, meta_title, meta_keyword, meta_description, status, create_time, mod_time) values (11, 'Drilled Shafts', 'http://dummyimage.com/124x100.png/cc0000/ffffff', 'Cras mi pede, malesuada in, imperdiet et, commodo vulputate, justo. In blandit ultrices enim. Lorem ipsum dolor sit amet, consectetuer adipiscing elit.', 'category-11', 'duis bibendum felis sed interdum', 'proin interdum mauris non ligula pellentesque ultrices phasellus id sapien in sapien iaculis congue vivamus metus arcu adipiscing molestie hendrerit', 'In congue. Etiam justo. Etiam pretium iaculis justo.', 1, '2021/09/17', '2022/06/17');
insert into category (id, name, image, description, slug, meta_title, meta_keyword, meta_description, status, create_time, mod_time) values (12, 'Masonry & Precast', 'http://dummyimage.com/199x100.png/ff4444/ffffff', 'Vestibulum quam sapien, varius ut, blandit non, interdum in, ante. Vestibulum ante ipsum primis in faucibus orci luctus et ultrices posuere cubilia Curae; Duis faucibus accumsan odio. Curabitur convallis.', 'category-12', 'ligula sit amet eleifend pede libero quis', 'sociis natoque penatibus et magnis dis parturient montes nascetur ridiculus', 'Duis aliquam convallis nunc. Proin at turpis a pede posuere nonummy. Integer non velit.', 1, '2020/11/06', '2022/01/25');
insert into category (id, name, image, description, slug, meta_title, meta_keyword, meta_description, status, create_time, mod_time) values (13, 'Fire Protection', 'http://dummyimage.com/146x100.png/ff4444/ffffff', 'Sed sagittis. Nam congue, risus semper porta volutpat, quam pede lobortis ligula, sit amet eleifend pede libero quis orci. Nullam molestie nibh in lectus.', 'category-13', 'parturient montes nascetur ridiculus mus vivamus vestibulum sagittis sapien cum', 'lectus pellentesque at nulla suspendisse potenti cras in purus eu magna vulputate', 'Duis bibendum, felis sed interdum venenatis, turpis enim blandit mi, in porttitor pede justo eu massa. Donec dapibus. Duis at velit eu est congue elementum.', 0, '2021/04/04', '2022/03/25');
insert into category (id, name, image, description, slug, meta_title, meta_keyword, meta_description, status, create_time, mod_time) values (14, 'Roofing (Asphalt)', 'http://dummyimage.com/226x100.png/ff4444/ffffff', 'Donec diam neque, vestibulum eget, vulputate ut, ultrices vel, augue. Vestibulum ante ipsum primis in faucibus orci luctus et ultrices posuere cubilia Curae; Donec pharetra, magna vestibulum aliquet ultrices, erat tortor sollicitudin mi, sit amet lobortis sapien sapien non mi. Integer ac neque.', 'category-14', 'eros suspendisse accumsan tortor quis turpis sed ante vivamus', 'ullamcorper purus sit amet nulla quisque arcu libero rutrum ac lobortis vel dapibus at diam nam tristique tortor eu', 'Etiam vel augue. Vestibulum rutrum rutrum neque. Aenean auctor gravida sem.', 0, '2021/04/27', '2022/10/15');
insert into category (id, name, image, description, slug, meta_title, meta_keyword, meta_description, status, create_time, mod_time) values (15, 'Drilled Shafts', 'http://dummyimage.com/147x100.png/dddddd/000000', 'Nam ultrices, libero non mattis pulvinar, nulla pede ullamcorper augue, a suscipit nulla elit ac nulla. Sed vel enim sit amet nunc viverra dapibus. Nulla suscipit ligula in lacus.', 'category-15', 'ut dolor morbi vel lectus in quam fringilla', 'donec posuere metus vitae ipsum aliquam non mauris morbi non lectus aliquam sit amet diam in magna', 'Cras non velit nec nisi vulputate nonummy. Maecenas tincidunt lacus at velit. Vivamus vel nulla eget eros elementum pellentesque.', 0, '2020/11/18', '2022/07/25');
insert into category (id, name, image, description, slug, meta_title, meta_keyword, meta_description, status, create_time, mod_time) values (16, 'Construction Clean and Final Clean', 'http://dummyimage.com/148x100.png/cc0000/ffffff', 'Nullam porttitor lacus at turpis. Donec posuere metus vitae ipsum. Aliquam non mauris.', 'category-16', 'ipsum aliquam non mauris morbi non', 'viverra eget congue eget semper rutrum nulla nunc purus phasellus in felis donec semper sapien a libero nam', 'Praesent id massa id nisl venenatis lacinia. Aenean sit amet justo. Morbi ut odio.', 1, '2020/10/30', '2022/01/12');
insert into category (id, name, image, description, slug, meta_title, meta_keyword, meta_description, status, create_time, mod_time) values (17, 'Landscaping & Irrigation', 'http://dummyimage.com/206x100.png/ff4444/ffffff', 'Curabitur gravida nisi at nibh. In hac habitasse platea dictumst. Aliquam augue quam, sollicitudin vitae, consectetuer eget, rutrum at, lorem.', 'category-17', 'vulputate ut ultrices vel augue vestibulum', 'eleifend quam a odio in hac habitasse platea dictumst maecenas ut massa quis augue luctus tincidunt nulla mollis', 'Fusce posuere felis sed lacus. Morbi sem mauris, laoreet ut, rhoncus aliquet, pulvinar sed, nisl. Nunc rhoncus dui vel sem.', 1, '2020/12/14', '2022/06/24');
insert into category (id, name, image, description, slug, meta_title, meta_keyword, meta_description, status, create_time, mod_time) values (18, 'Wall Protection', 'http://dummyimage.com/215x100.png/cc0000/ffffff', 'Donec diam neque, vestibulum eget, vulputate ut, ultrices vel, augue. Vestibulum ante ipsum primis in faucibus orci luctus et ultrices posuere cubilia Curae; Donec pharetra, magna vestibulum aliquet ultrices, erat tortor sollicitudin mi, sit amet lobortis sapien sapien non mi. Integer ac neque.', 'category-18', 'dapibus nulla suscipit ligula in lacus curabitur', 'volutpat erat quisque erat eros viverra eget congue eget semper rutrum nulla nunc purus phasellus in felis donec', 'Maecenas tristique, est et tempus semper, est quam pharetra magna, ac consequat metus sapien ut nunc. Vestibulum ante ipsum primis in faucibus orci luctus et ultrices posuere cubilia Curae; Mauris viverra diam vitae quam. Suspendisse potenti.', 1, '2021/01/21', '2022/03/05');
insert into category (id, name, image, description, slug, meta_title, meta_keyword, meta_description, status, create_time, mod_time) values (19, 'Landscaping & Irrigation', 'http://dummyimage.com/178x100.png/ff4444/ffffff', 'Maecenas leo odio, condimentum id, luctus nec, molestie sed, justo. Pellentesque viverra pede ac diam. Cras pellentesque volutpat dui.', 'category-19', 'velit nec nisi vulputate nonummy maecenas tincidunt lacus at', 'augue quam sollicitudin vitae consectetuer eget rutrum at lorem integer tincidunt ante vel ipsum praesent blandit lacinia erat vestibulum sed', 'Vestibulum ac est lacinia nisi venenatis tristique. Fusce congue, diam id ornare imperdiet, sapien urna pretium nisl, ut volutpat sapien arcu sed augue. Aliquam erat volutpat.', 1, '2020/10/20', '2022/09/11');
insert into category (id, name, image, description, slug, meta_title, meta_keyword, meta_description, status, create_time, mod_time) values (20, 'HVAC', 'http://dummyimage.com/195x100.png/dddddd/000000', 'Nullam sit amet turpis elementum ligula vehicula consequat. Morbi a ipsum. Integer a nibh.', 'category-20', 'natoque penatibus et magnis dis parturient montes nascetur', 'vel pede morbi porttitor lorem id ligula suspendisse ornare consequat lectus in est risus auctor', 'Phasellus sit amet erat. Nulla tempus. Vivamus in felis eu sapien cursus vestibulum.', 1, '2021/10/15', '2022/10/09');
insert into category (id, name, image, description, slug, meta_title, meta_keyword, meta_description, status, create_time, mod_time) values (21, 'Marlite Panels (FED)', 'http://dummyimage.com/230x100.png/cc0000/ffffff', 'Lorem ipsum dolor sit amet, consectetuer adipiscing elit. Proin risus. Praesent lectus.', 'category-21', 'metus sapien ut nunc vestibulum', 'magnis dis parturient montes nascetur ridiculus mus etiam vel augue vestibulum rutrum', 'Morbi non lectus. Aliquam sit amet diam in magna bibendum imperdiet. Nullam orci pede, venenatis non, sodales sed, tincidunt eu, felis.', 0, '2021/08/04', '2022/01/20');
insert into category (id, name, image, description, slug, meta_title, meta_keyword, meta_description, status, create_time, mod_time) values (22, 'Drywall & Acoustical (FED)', 'http://dummyimage.com/136x100.png/dddddd/000000', 'Fusce consequat. Nulla nisl. Nunc nisl.', 'category-22', 'amet eros suspendisse accumsan tortor quis turpis sed ante vivamus', 'faucibus orci luctus et ultrices posuere cubilia curae mauris viverra diam vitae', 'Integer ac leo. Pellentesque ultrices mattis odio. Donec vitae nisi.', 0, '2021/08/10', '2022/08/26');
insert into category (id, name, image, description, slug, meta_title, meta_keyword, meta_description, status, create_time, mod_time) values (23, 'Roofing (Asphalt)', 'http://dummyimage.com/116x100.png/ff4444/ffffff', 'In hac habitasse platea dictumst. Etiam faucibus cursus urna. Ut tellus.', 'category-23', 'condimentum curabitur in libero ut massa volutpat', 'sapien sapien non mi integer ac neque duis bibendum morbi non quam nec', 'Duis consequat dui nec nisi volutpat eleifend. Donec ut dolor. Morbi vel lectus in quam fringilla rhoncus.', 0, '2021/02/26', '2022/04/15');
insert into category (id, name, image, description, slug, meta_title, meta_keyword, meta_description, status, create_time, mod_time) values (24, 'Structural and Misc Steel (Fabrication)', 'http://dummyimage.com/152x100.png/ff4444/ffffff', 'In quis justo. Maecenas rhoncus aliquam lacus. Morbi quis tortor id nulla ultrices aliquet.', 'category-24', 'metus aenean fermentum donec ut mauris eget massa tempor convallis', 'ultrices erat tortor sollicitudin mi sit amet lobortis sapien sapien non mi integer ac neque duis bibendum', 'Praesent id massa id nisl venenatis lacinia. Aenean sit amet justo. Morbi ut odio.', 1, '2021/06/14', '2021/10/25');
insert into category (id, name, image, description, slug, meta_title, meta_keyword, meta_description, status, create_time, mod_time) values (25, 'Epoxy Flooring', 'http://dummyimage.com/242x100.png/5fa2dd/ffffff', 'Aenean fermentum. Donec ut mauris eget massa tempor convallis. Nulla neque libero, convallis eget, eleifend luctus, ultricies eu, nibh.', 'category-25', 'lobortis est phasellus sit amet erat nulla', 'vestibulum sit amet cursus id turpis integer aliquet massa id lobortis convallis tortor risus dapibus augue vel accumsan tellus', 'Vestibulum ac est lacinia nisi venenatis tristique. Fusce congue, diam id ornare imperdiet, sapien urna pretium nisl, ut volutpat sapien arcu sed augue. Aliquam erat volutpat.', 0, '2021/05/15', '2022/02/27');
insert into category (id, name, image, description, slug, meta_title, meta_keyword, meta_description, status, create_time, mod_time) values (26, 'Framing (Steel)', 'http://dummyimage.com/175x100.png/cc0000/ffffff', 'Cum sociis natoque penatibus et magnis dis parturient montes, nascetur ridiculus mus. Vivamus vestibulum sagittis sapien. Cum sociis natoque penatibus et magnis dis parturient montes, nascetur ridiculus mus.', 'category-26', 'a pede posuere nonummy integer non velit donec', 'odio justo sollicitudin ut suscipit a feugiat et eros vestibulum ac est lacinia nisi', 'Duis aliquam convallis nunc. Proin at turpis a pede posuere nonummy. Integer non velit.', 0, '2021/01/07', '2022/08/13');
insert into category (id, name, image, description, slug, meta_title, meta_keyword, meta_description, status, create_time, mod_time) values (27, 'Elevator', 'http://dummyimage.com/223x100.png/5fa2dd/ffffff', 'Etiam vel augue. Vestibulum rutrum rutrum neque. Aenean auctor gravida sem.', 'category-27', 'nonummy maecenas tincidunt lacus at velit', 'in blandit ultrices enim lorem ipsum dolor sit amet consectetuer adipiscing elit proin interdum mauris non ligula', 'In quis justo. Maecenas rhoncus aliquam lacus. Morbi quis tortor id nulla ultrices aliquet.', 0, '2021/08/28', '2022/05/27');
insert into category (id, name, image, description, slug, meta_title, meta_keyword, meta_description, status, create_time, mod_time) values (28, 'Structural and Misc Steel (Fabrication)', 'http://dummyimage.com/226x100.png/5fa2dd/ffffff', 'In sagittis dui vel nisl. Duis ac nibh. Fusce lacus purus, aliquet at, feugiat non, pretium quis, lectus.', 'category-28', 'in lectus pellentesque at nulla suspendisse potenti cras in', 'rhoncus dui vel sem sed sagittis nam congue risus semper porta', 'Nam ultrices, libero non mattis pulvinar, nulla pede ullamcorper augue, a suscipit nulla elit ac nulla. Sed vel enim sit amet nunc viverra dapibus. Nulla suscipit ligula in lacus.', 0, '2021/10/06', '2022/08/20');
insert into category (id, name, image, description, slug, meta_title, meta_keyword, meta_description, status, create_time, mod_time) values (29, 'Fire Protection', 'http://dummyimage.com/108x100.png/5fa2dd/ffffff', 'Sed sagittis. Nam congue, risus semper porta volutpat, quam pede lobortis ligula, sit amet eleifend pede libero quis orci. Nullam molestie nibh in lectus.', 'category-29', 'proin interdum mauris non ligula pellentesque', 'luctus tincidunt nulla mollis molestie lorem quisque ut erat curabitur gravida nisi at nibh in hac habitasse', 'Phasellus in felis. Donec semper sapien a libero. Nam dui.', 1, '2020/11/25', '2021/12/07');
insert into category (id, name, image, description, slug, meta_title, meta_keyword, meta_description, status, create_time, mod_time) values (30, 'Asphalt Paving', 'http://dummyimage.com/148x100.png/cc0000/ffffff', 'Quisque id justo sit amet sapien dignissim vestibulum. Vestibulum ante ipsum primis in faucibus orci luctus et ultrices posuere cubilia Curae; Nulla dapibus dolor vel est. Donec odio justo, sollicitudin ut, suscipit a, feugiat et, eros.', 'category-30', 'mattis nibh ligula nec sem duis aliquam', 'vestibulum ante ipsum primis in faucibus orci luctus et ultrices posuere cubilia curae nulla dapibus dolor vel est donec', 'Quisque porta volutpat erat. Quisque erat eros, viverra eget, congue eget, semper rutrum, nulla. Nunc purus.', 1, '2021/01/19', '2022/05/04');



-- end category